{"_id":{"$oid":"5e131c1ed5ec760edce49630"},"id":"s1","name":"C 2019","__v":{"$numberInt":"0"}}
{"_id":{"$oid":"5e131c2dd5ec760edce49631"},"id":"s2","name":"B 2019","__v":{"$numberInt":"0"}}
{"_id":{"$oid":"5e131c3fd5ec760edce49632"},"id":"s3","name":"A 2019","__v":{"$numberInt":"0"}}
{"_id":{"$oid":"5e131cb2d5ec760edce49634"},"id":"s4","name":"B 2018","__v":{"$numberInt":"0"}}
{"_id":{"$oid":"5e132a4fd5ec760edce49635"},"id":"s5","name":"C 2018","__v":{"$numberInt":"0"}}
{"_id":{"$oid":"5e132a8ad5ec760edce49637"},"id":"s6","name":"A 2018","__v":{"$numberInt":"0"}}
