{"_id":{"$oid":"5e12e409b8d07064ec1488fd"},"id":"s1","s1Id":"s312","s1Name":"Huy","s1Year":"2017-2022","s2Id":"s122","s2Name":"Thanh","s2Year":"2015-2020","s3Id":"s096","s3Name":"Cam1","s3Year":"2016-20191","courseId":"4567","courseName":"Web Programming","semester":"C 2019","asgName":"Assignment 2","asgDescription":"This is asg 2, let's go !","asgPercentage":"30%","techUsed":"Visual novel, React Js","scope":"This is a scope of asg2","description":"this team is good","industryLink":"none","application":"none as well","photo":"bf885a69-4174-4176-b760-e5dee991d47f-696x522.jpg","__v":{"$numberInt":"0"},"photo2":"react-logo.png","photo3":"technology1.jpg"}
{"_id":{"$oid":"5e12e4d2b8d07064ec1488fe"},"id":"s2","s1Id":"s213","s1Name":"Hoang","s1Year":"2016-202","s2Id":"s312","s2Name":"Thang","s2Year":"2019-2024","s3Id":"None","s3Name":"no data","s3Year":"no data","courseId":"7653","courseName":"BITS","semester":"B 2018","asgName":"Assignment 3","asgDescription":"This is asg 3, let's go !","asgPercentage":"50%","techUsed":"Visual novel, React Js, unity","scope":"This is a scope of asg3","description":"this team is quite ok","industryLink":"none","application":"none as well","photo":"qtid1p5di8kvcrw2w5cf96740e4858.jpg","__v":{"$numberInt":"0"},"photo2":"download.png","photo3":"Why should you adopt an open working culture in the age of the individual1 - elitebusinessmagazine_c9c911ed5eb267dd453a7a4ee6b8ae32.jpg"}
{"_id":{"$oid":"5e134d13d5ec760edce4963a"},"id":"s3","s1Id":"s019","s1Name":"Tran","s1Year":"2015-2021","s2Id":"s165","s2Name":"Thang","s2Year":"2019-2022","s3Id":"s542","s3Name":"Toan","s3Year":"2013-2020","courseId":"7605","courseName":"Programming 1","semester":"A 2019","asgName":"Assignment 1","asgDescription":"This is Asg 1!","asgPercentage":"20%","techUsed":"Java, C++","scope":"Nothing special here!","description":"No","industryLink":"None","application":"No data","photo":"qtid1p5di8kvcrw2w5cf96740e4858.jpg","__v":{"$numberInt":"0"},"photo2":null,"photo3":null}
{"_id":{"$oid":"5e1589b99316222798a9e116"},"id":"s4","s1Id":"s123","s1Name":"Dass","s1Year":"2019-2222","s2Id":"s342","s2Name":"Henry","s2Year":"None","s3Id":"No data","s3Name":"none","s3Year":"none","courseId":"s1","courseName":"Cloud computing","semester":"A 2020","asgName":"Assignment 2","asgDescription":" let's go !","asgPercentage":"25%","techUsed":"Java, C++, more","scope":"Nothing special here!","description":"This is a text","industryLink":"none","application":" In progress","photo":"download (1).png","photo2":"","photo3":"technology_trends_2019.jpg","__v":{"$numberInt":"0"}}
